drug_name,pdd(mg)
CLOMETHIAZOLE,314.3554376657825
DIAZEPAM,4.661071466315938
FLURAZEPAM HYDROCHLORIDE,29.39175572519084
LORMETAZEPAM,0.9058665784132888
MELATONIN,3.0
NITRAZEPAM,5.991664723363171
OXAZEPAM,20.785283646707338
TEMAZEPAM,14.246090863790956
ZALEPLON,7.073170731707317
ZOLPIDEM TARTRATE,7.135525904770405
ZOPICLONE,6.4285431565793205
